,id,first_name,last_name,email,Total Hits
0,487350,Clea,Popplestone,cpopplestoneqe@dagondesign.com,2
1,690829,Alica,Gilbanks,agilbanksby@unicef.org,2
2,974914,Dianna,Nutkins,dnutkinsnh@mit.edu,2
3,790518,Timothea,Curd,tcurdn@com.com,2
4,455140,Peadar,Hedger,phedger2y@illinois.edu,2
5,164416,Tiebout,Greer,tgreerd1@theguardian.com,2
6,412324,Sarena,Thompson,sthompson4n@oaic.gov.au,2
7,236974,Esmaria,Shawell,eshawella2@trellian.com,2
8,284780,Carlyn,Gilliver,cgilliverit@zdnet.com,2
9,695734,Evita,Lebbern,elebbern81@aol.com,2
